{
  "project_info": {
    "project_number": "152467350446",
    "firebase_url": "https://balance-6ce07.firebaseio.com",
    "project_id": "balance-6ce07",
    "storage_bucket": "balance-6ce07.appspot.com"
  },
  "client": [
    {
      "client_info": {
        "mobilesdk_app_id": "1:152467350446:android:41f225d409dd0e70",
        "android_client_info": {
          "package_name": "com.balance"
        }
      },
      "oauth_client": [
        {
          "client_id": "152467350446-7fr5agj57u1ekpkqcnh8qd3agvutd1md.apps.googleusercontent.com",
          "client_type": 3
        }
      ],
      "api_key": [
        {
          "current_key": "AIzaSyBfiSGYW5qZTk3o_Cfgf3CTVtL2oGwHydQ"
        }
      ],
      "services": {
        "appinvite_service": {
          "other_platform_oauth_client": [
            {
              "client_id": "152467350446-7fr5agj57u1ekpkqcnh8qd3agvutd1md.apps.googleusercontent.com",
              "client_type": 3
            }
          ]
        }
      }
    }
  ],
  "configuration_version": "1"
}